id,first_name,last_name,email,gender,ip_address
1,Enoch,Bruckental,ebruckental0@state.gov,Genderqueer,32.16.10.60
2,Maxwell,Alenichev,malenichev1@odnoklassniki.ru,Genderfluid,23.183.99.66
3,Damon,Beldham,dbeldham2@illinois.edu,Genderqueer,191.123.216.106
4,Saunderson,Jessen,sjessen3@hexun.com,Female,224.232.153.130
5,Aura,Harfleet,aharfleet4@mac.com,Non-binary,167.51.141.19
6,Yelena,Baumaier,ybaumaier5@newyorker.com,Male,17.105.81.12
7,Dillie,Slee,dslee6@studiopress.com,Male,123.201.251.212
8,Skye,Dominick,sdominick7@tmall.com,Polygender,150.152.110.53
9,Wilden,Stanyard,wstanyard8@mozilla.com,Agender,177.19.170.89
10,Nedda,Le Fevre,nlefevre9@epa.gov,Agender,252.225.46.146
